,Close,Open,Fluctuation Rate
NASDAQ,15775.650390625,15910.4296875,-0.8471128657253619
S&P500,5005.56982421875,5031.1298828125,-0.5080381383328834
KOSPI,2648.5,2635.6298828125,0.4883127661978928
KOSDAQ,862.2100219726562,863.6900024414062,-0.17135551697559492
