,Close,Open,Fluctuation Rate
NASDAQ,15775.650390625,15910.4296875,-0.8471128657253619
S&P500,5005.56982421875,5031.1298828125,-0.5080381383328834
KOSPI,2662.10009765625,2643.81005859375,0.6918060926142525
KOSDAQ,860.7000122070312,860.1300048828125,0.06626990350097252
